----------------------------------------------------------------------------------------------------------------------------
-- The range of IDs available for the Menu module is [ -27,000 to -27,999 ] 
-- (see https://github.com/UltraCommerce/docs-internal/edit/master/Module%20IDs.md 
----------------------------------------------------------------------------------------------------------------------------

INSERT INTO UC_ADMIN_PERMISSION (ADMIN_PERMISSION_ID, DESCRIPTION, NAME, PERMISSION_TYPE) VALUES (-27000,'Read Menu','PERMISSION_READ_MENU', 'READ');
INSERT INTO UC_ADMIN_PERMISSION (ADMIN_PERMISSION_ID, DESCRIPTION, NAME, PERMISSION_TYPE) VALUES (-27001,'All Menu','PERMISSION_ALL_MENU', 'ALL');

INSERT INTO UC_ADMIN_PERMISSION_ENTITY (ADMIN_PERMISSION_ENTITY_ID, CEILING_ENTITY, ADMIN_PERMISSION_ID) VALUES (-27000, 'com.ultracommerce.menu.domain.Menu', -27000);
INSERT INTO UC_ADMIN_PERMISSION_ENTITY (ADMIN_PERMISSION_ENTITY_ID, CEILING_ENTITY, ADMIN_PERMISSION_ID) VALUES (-27001, 'com.ultracommerce.menu.domain.Menu', -27001);

INSERT INTO UC_ADMIN_PERMISSION_ENTITY (ADMIN_PERMISSION_ENTITY_ID, CEILING_ENTITY, ADMIN_PERMISSION_ID) VALUES (-27002, 'com.ultracommerce.menu.domain.MenuItem', -27000);
INSERT INTO UC_ADMIN_PERMISSION_ENTITY (ADMIN_PERMISSION_ENTITY_ID, CEILING_ENTITY, ADMIN_PERMISSION_ID) VALUES (-27003, 'com.ultracommerce.menu.domain.MenuItem', -27001);

-- Friendly permissions
INSERT INTO UC_ADMIN_PERMISSION (ADMIN_PERMISSION_ID, DESCRIPTION, NAME, PERMISSION_TYPE, IS_FRIENDLY) VALUES (-27002,'View Menus','PERMISSION_MENU', 'READ', TRUE);
INSERT INTO UC_ADMIN_PERMISSION_XREF (ADMIN_PERMISSION_ID, CHILD_PERMISSION_ID) VALUES (-27002, -27000);

INSERT INTO UC_ADMIN_PERMISSION (ADMIN_PERMISSION_ID, DESCRIPTION, NAME, PERMISSION_TYPE, IS_FRIENDLY) VALUES (-27003,'Maintain Menus','PERMISSION_MENU', 'ALL', TRUE);
INSERT INTO UC_ADMIN_PERMISSION_XREF (ADMIN_PERMISSION_ID, CHILD_PERMISSION_ID) VALUES (-27003, -27001);

--
-- Mapping from Roles to permissions
-- Site admins and content editors are allowed to do everything menus
--
INSERT INTO UC_ADMIN_ROLE_PERMISSION_XREF (ADMIN_ROLE_ID, ADMIN_PERMISSION_ID) VALUES (-1,-27003);
INSERT INTO UC_ADMIN_ROLE_PERMISSION_XREF (ADMIN_ROLE_ID, ADMIN_PERMISSION_ID) VALUES (-5,-27003);

--
-- Mapping sections and permissions
--
INSERT INTO UC_ADMIN_SECTION (ADMIN_SECTION_ID, CEILING_ENTITY, ADMIN_MODULE_ID, NAME, SECTION_KEY, URL, USE_DEFAULT_HANDLER, DISPLAY_ORDER) VALUES (-27000, 'com.ultracommerce.menu.domain.Menu', -2, 'Menus', 'Menus', '/menu', TRUE, 3000);
INSERT INTO UC_ADMIN_SEC_PERM_XREF (ADMIN_SECTION_ID, ADMIN_PERMISSION_ID) VALUES (-27000,-27002);
INSERT INTO UC_ADMIN_SEC_PERM_XREF (ADMIN_SECTION_ID, ADMIN_PERMISSION_ID) VALUES (-27000,-27003);
